職稱,姓名,到職,卸任,出生,性別
行政院/政務委員,鄭振文,1948年05月31日,1948年07月10日,,M
行政院/政務委員,雷震,1948年05月31日,1948年12月22日,1897年6月25日,M
行政院/政務委員,董顯光,1948年05月31日,1948年12月22日,1887年11月9日,M
行政院/政務委員,林可璣,1948年07月10日,1948年12月22日,,M
行政院/政務委員,何浩若,1948年10月05日,1948年12月22日,1899年3月16日,M
行政院/政務委員,劉靜遠,1948年07月10日,1948年12月22日,,M
行政院/政務委員,王徵,1948年06月15日,1948年10月05日,,M
行政院/政務委員,楊永浚,1948年05月31日,1948年07月10日,,M
行政院/政務委員,張群,1948年12月22日,1949年03月21日,1889年5月9日,M
行政院/政務委員,翁文灝,1948年12月22日,1949年03月21日,1889年7月26日,M
行政院/政務委員,張治中,1948年12月22日,1949年03月21日,1890年10月27日,M
行政院/政務委員,陳立夫,1948年12月22日,1949年03月21日,1900年8月21日,M
行政院/政務委員,朱家驊,1948年12月22日,1949年03月21日,1893年5月30日,M
行政院/政務委員,張厲生,1948年12月22日,1949年03月21日,1901年6月17日,M
行政院/政務委員,林可璣,1948年12月25日,1949年03月21日,,M
行政院/政務委員,張群,1949年03月21日,1949年06月12日,1889年5月9日,M
行政院/政務委員,莫德惠,1949年03月21日,1949年06月12日,1883年4月16日,M
行政院/政務委員,張治中,1949年03月21日,1949年06月12日,1890年10月27日,M
行政院/政務委員,朱家驊,1949年03月21日,1949年06月12日,1893年5月30日,M
行政院/政務委員,賀耀祖,1949年03月21日,1949年06月12日,1889年5月8日,M
行政院/政務委員,黃少谷,1949年06月12日,1950年03月10日,1901年7月24日,M
行政院/政務委員,萬鴻圖,1949年06月12日,1950年03月10日,1885年,M
行政院/政務委員,劉航琛,1950年01月27日,1950年03月10日,1896年,M
行政院/政務委員,張群,1949年06月12日,1950年03月10日,1889年5月9日,M
行政院/政務委員,吳鐵城,1949年06月12日,1950年03月10日,1888年3月9日,M
行政院/政務委員,陳立夫,1949年06月12日,1950年03月10日,1900年8月21日,M
行政院/政務委員,徐永昌,1949年06月12日,1950年01月27日,1887年12月15日,M
行政院/政務委員,蔡培火,1950年03月12日,1954年06月01日,1889年6月20日,M
行政院/政務委員,董文琦,1950年03月12日,1954年06月01日,1901年,M
行政院/政務委員,吳國楨,1950年03月12日,1954年03月17日,1903年10月21日,M
行政院/政務委員,王師曾,1950年03月12日,1954年01月23日,1903年,M
行政院/政務委員,黃季陸,1950年03月12日,1952年04月17日,1899年9月3日,M
行政院/政務委員,余井塘,1952年04月17日,1954年06月01日,1896年,M
行政院/政務委員,田炯錦,1950年03月12日,1951年02月22日,1899年,M
行政院/政務委員,黃少谷,1951年03月07日,1954年06月01日,1901年7月24日,M
行政院/政務委員,楊毓滋,1950年03月12日,1950年10月10日,1904年,M
行政院/政務委員,蔣勻田,1950年11月27日,1954年06月01日,1903年,M
行政院/政務委員,蔡培火,1954年06月01日,1958年07月15日,1889年6月20日,M
行政院/政務委員,孟昭瓚,1954年06月01日,1958年07月15日,,M
行政院/政務委員,余井塘,1954年06月01日,1958年07月15日,1896年,M
行政院/政務委員,黃季陸,1954年06月01日,1958年07月15日,1899年9月3日,M
行政院/政務委員,田炯錦,1954年06月01日,1958年03月19日,1899年,M
行政院/政務委員,嚴家淦,1957年08月08日,1958年03月19日,1905年10月23日,M
行政院/政務委員,薛岳,1958年07月15日,1963年12月16日,1896年12月27日,M
行政院/政務委員,余井塘,1958年07月15日,1963年12月16日,1896年,M
行政院/政務委員,蔡培火,1958年07月15日,1963年12月16日,1889年6月20日,M
行政院/政務委員,蔣經國,1958年07月15日,1963年12月16日,1910年4月27日,M
行政院/政務委員,葉公超,1961年11月18日,1963年12月16日,1904年10月20日,M
行政院/政務委員,王世傑,1958年07月15日,1962年05月19日,1891年3月10日,M
行政院/政務委員,董文琦,1963年12月16日,1972年06月01日,1901年,M
行政院/政務委員,葉公超,1963年12月16日,1972年06月01日,1904年10月20日,M
行政院/政務委員,陳雪屏,1963年12月16日,1972年06月01日,1901年,M
行政院/政務委員,蔣經國,1963年12月16日,1965年01月13日,1910年4月27日,M
行政院/政務委員,田炯錦,1963年12月16日,1970年07月15日,1899年,M
行政院/政務委員,賀衷寒,1963年12月16日,1970年07月15日,1900年1月5日,M
行政院/政務委員,蔡培火,1963年12月16日,1966年06月01日,1889年6月20日,M
行政院/政務委員,連震東,1966年06月01日,1972年06月01日,1904年4月23日,M
行政院/政務委員,俞大維,1965年01月13日,1966年06月01日,1897年12月2日,M
行政院/政務委員,徐柏園,1966年06月01日,1969年04月29日,1902年2月8日,M
行政院/政務委員,俞國華,1969年07月01日,1972年06月01日,1914年1月10日,M
行政院/政務委員,俞國華,1972年06月01日,1978年06月01日,1914年1月10日,M
行政院/政務委員,李登輝,1972年06月01日,1978年06月01日,1923年1月15日,M
行政院/政務委員,葉公超,1972年06月01日,1978年06月01日,1904年10月20日,M
行政院/政務委員,周書楷,1972年06月01日,1978年01月05日,1913年8月21日,M
行政院/政務委員,陳奇祿,1978年01月05日,1978年06月01日,1923年4月27日,M
行政院/政務委員,郭澄,1972年06月01日,1976年06月01日,,M
行政院/政務委員,李國鼎,1976年06月01日,1978年06月01日,1910年1月28日,M
行政院/政務委員,高玉樹,1976年06月01日,1978年06月01日,1913年9月3日,M
行政院/政務委員,邱創煥,1976年06月01日,1978年06月01日,1925年7月25日,M
行政院/政務委員,周宏濤,1978年06月01日,1984年06月01日,1916年12月14日,M
行政院/政務委員,張豐緒,1978年06月01日,1984年06月01日,1928年8月5日,M
行政院/政務委員,俞國華,1978年06月01日,1984年06月01日,1914年1月10日,M
行政院/政務委員,李國鼎,1978年06月01日,1984年06月01日,1910年1月28日,M
行政院/政務委員,高玉樹,1978年06月01日,1984年06月01日,1913年9月3日,M
行政院/政務委員,陳奇祿,1978年06月01日,1981年12月01日,1923年4月27日,M
行政院/政務委員,林金生,1981年12月01日,1984年06月01日,1916年,M
行政院/政務委員,費驊,1978年06月01日,1984年02月29日,1912年5月23日,M
行政院/政務委員,高玉樹,1984年06月01日,1989年06月01日,1913年9月3日,M
行政院/政務委員,張豐緒,1984年06月01日,1989年06月01日,1928年8月5日,M
行政院/政務委員,周宏濤,1984年06月01日,1989年06月01日,1916年12月14日,M
行政院/政務委員,趙耀東,1984年06月01日,1988年07月22日,1916年9月29日,M
行政院/政務委員,沈君山,1988年07月22日,1989年06月01日,1932年8月29日,M
行政院/政務委員,李國鼎,1984年06月01日,1988年07月22日,1910年1月28日,M
行政院/政務委員,王友釗,1988年07月22日,1989年06月01日,,M
行政院/政務委員,馬紀壯,1984年06月01日,1986年01月10日,1912年10月14日,M
行政院/政務委員,蕭天讚,1986年07月01日,1988年07月22日,,M
行政院/政務委員,黃昆輝,1988年07月22日,1989年06月01日,1936年11月8日,M
行政院/政務委員,郭為藩,1984年06月01日,1988年07月26日,1937年9月3日,M
行政院/政務委員,錢復,1988年08月01日,1989年06月01日,1935年2月17日,M
行政院/政務委員,張豐緒,1989年06月01日,1990年06月01日,1928年8月5日,M
行政院/政務委員,周宏濤,1989年06月01日,1990年06月01日,1916年12月14日,M
行政院/政務委員,錢復,1989年06月01日,1990年06月01日,1935年2月17日,M
行政院/政務委員,王友釗,1989年06月01日,1990年06月01日,,M
行政院/政務委員,黃昆輝,1989年06月01日,1990年06月01日,1936年11月8日,M
行政院/政務委員,郭南宏,1989年06月01日,1990年06月01日,1936年10月23日,M
行政院/政務委員,張劍寒,1989年06月01日,1990年06月01日,1928年,M
行政院/政務委員,王昭明,1990年06月01日,1993年02月27日,1920年8月5日,M
行政院/政務委員,郭婉容,1990年06月01日,1993年02月27日,1930年1月25日,F
行政院/政務委員,吳伯雄,1990年06月01日,1991年06月01日,1939年6月19日,M
行政院/政務委員,黃石城,1990年06月01日,1993年02月27日,1935年8月27日,M
行政院/政務委員,黃昆輝,1990年06月01日,1993年02月27日,1936年11月8日,M
行政院/政務委員,郭南宏,1990年06月01日,1993年02月27日,1936年10月23日,M
行政院/政務委員,張劍寒,1990年06月01日,1992年06月05日,1928年,M
行政院/政務委員,李模,1992年10月01日,1993年02月27日,,M
行政院/政務委員,郭婉容,1993年02月27日,1996年02月28日,1930年1月25日,F
行政院/政務委員,王昭明,1993年02月27日,1996年02月28日,1920年8月5日,M
行政院/政務委員,黃石城,1993年02月27日,1996年02月28日,1935年8月27日,M
行政院/政務委員,夏漢民,1993年02月27日,1996年02月28日,,M
行政院/政務委員,蕭萬長,1993年02月27日,1995年12月01日,1939年1月3日,M
行政院/政務委員,黃昆輝,1993年02月27日,1994年12月15日,1936年11月8日,M
行政院/政務委員,孫震,1994年12月15日,1996年02月28日,1934年11月8日,M
行政院/政務委員,丘宏達,1993年02月27日,1994年02月25日,1936年3月23日,M
行政院/政務委員,張京育,1994年03月14日,1996年02月28日,1937年4月27日,M
行政院/政務委員,郭婉容,1996年02月28日,1997年09月01日,1930年1月25日,F
行政院/政務委員,林振國,1996年06月10日,1997年09月01日,1937年12月9日,M
行政院/政務委員,王昭明,1996年02月28日,1996年06月10日,1920年8月5日,M
行政院/政務委員,塗德錡,1996年06月10日,1997年09月01日,,M
行政院/政務委員,孫震,1996年02月28日,1996年06月10日,1934年11月8日,M
行政院/政務委員,楊世緘,1996年06月10日,1997年09月01日,,M
行政院/政務委員,黃石城,1996年02月28日,1996年06月10日,1935年8月27日,M
行政院/政務委員,蔡政文,1996年06月10日,1997年09月01日,,M
行政院/政務委員,夏漢民,1996年02月28日,1996年06月10日,,M
行政院/政務委員,葉金鳳,1996年06月10日,1997年05月15日,1943年6月22日,F
行政院/政務委員,趙守博,1997年05月15日,1997年09月01日,1941年3月1日,M
行政院/政務委員,張京育,1996年02月28日,1996年06月10日,1937年4月27日,M
行政院/政務委員,馬英九,1996年06月10日,1997年05月15日,1950年7月13日,M
行政院/政務委員,蘇起,1997年05月15日,1997年09月01日,1949年10月1日,M
行政院/政務委員,黃大洲,1997年09月01日,1999年01月27日,1936年2月7日,M
行政院/政務委員,楊世緘,1997年09月01日,1999年01月27日,,M
行政院/政務委員,陳健民,1997年09月01日,1999年01月27日,1942年10月5日,M
行政院/政務委員,郭婉容,1997年09月01日,1999年01月27日,1930年1月25日,F
行政院/政務委員,趙守博,1997年09月01日,1998年12月21日,1941年3月1日,M
行政院/政務委員,林豐正,1997年09月01日,1998年04月01日,1940年3月20日,M
行政院/政務委員,蔡兆陽,1998年04月01日,1999年01月27日,,M
行政院/政務委員,詹火生,1997年09月01日,1998年02月05日,1949年2月10日,M
行政院/政務委員,江丙坤,1998年02月05日,1999年01月27日,1932年12月16日,M
行政院/政務委員,郭婉容,1999年01月27日,2000年05月20日,1930年1月25日,F
行政院/政務委員,江丙坤,1999年01月27日,2000年05月20日,1932年12月16日,M
行政院/政務委員,蔡兆陽,1999年01月27日,2000年05月20日,,M
行政院/政務委員,黃大洲,1999年01月27日,2000年05月20日,1936年2月7日,M
行政院/政務委員,楊世緘,1999年01月27日,2000年05月20日,,M
行政院/政務委員,陳健民,1999年01月27日,2000年05月20日,1942年10月5日,M
行政院/政務委員,吳容明,1999年02月01日,1999年08月15日,1943年12月23日,M
行政院/政務委員,鍾榮吉,1999年11月18日,2000年03月08日,1943年1月27日,M
行政院/政務委員,林能白,2000年05月20日,2000年10月06日,,M
行政院/政務委員,黃榮村,2000年05月20日,2000年10月06日,1947年3月30日,M
行政院/政務委員,陳錦煌,2000年05月20日,2000年10月06日,1952年,M
行政院/政務委員,張有惠,2000年05月20日,2000年10月06日,,M
行政院/政務委員,蔡清彥,2000年05月20日,2000年10月06日,1944年9月29日,M
行政院/政務委員,胡錦標,2000年05月20日,2000年10月06日,,M
行政院/政務委員,蔡清彥,2000年10月06日,2002年02月01日,1944年9月29日,M
行政院/政務委員,鍾琴,2000年10月06日,2002年02月01日,,F
行政院/政務委員,林能白,2000年10月06日,2002年02月01日,,M
行政院/政務委員,黃榮村,2000年10月06日,2002年02月01日,1947年3月30日,M
行政院/政務委員,陳錦煌,2000年10月06日,2002年02月01日,1952年,M
行政院/政務委員,張有惠,2000年10月06日,2001年04月12日,,M
行政院/政務委員,許志雄,2001年06月11日,2002年02月01日,,M
行政院/政務委員,胡錦標,2000年10月06日,2001年03月07日,,M
行政院/政務委員,胡勝正,2001年03月07日,2002年02月01日,1940年8月5日,M
行政院/政務委員,蔡清彥,2002年02月01日,2004年05月20日,1944年9月29日,M
行政院/政務委員,胡勝正,2002年02月01日,2004年05月20日,1940年8月5日,M
行政院/政務委員,林盛豐,2002年02月01日,2004年05月20日,,M
行政院/政務委員,郭瑤琪,2002年02月01日,2004年05月20日,1956年3月13日,F
行政院/政務委員,陳其南,2002年02月01日,2004年05月20日,,M
行政院/政務委員,黃輝珍,2002年02月01日,2003年07月01日,1954年12月1日,M
行政院/政務委員,葉國興,2003年07月01日,2004年05月20日,,M
行政院/政務委員,邱義仁,2002年02月01日,2002年03月15日,1950年5月9日,M
行政院/政務委員,葉俊榮,2002年05月01日,2004年05月20日,,M
行政院/政務委員,胡勝正,2004年05月20日,2006年07月04日,1940年8月5日,M
行政院/政務委員,呂桔誠,2006年07月04日,2006年09月01日,1956年12月15日,M
行政院/政務委員,胡勝正,2006年10月05日,2007年01月30日,1940年8月5日,M
行政院/政務委員,林錦昌,2007年07月16日,2008年02月01日,1967年7月18日,M
行政院/政務委員,劉世芳,2008年02月01日,2008年05月20日,1959年08月13日,F
行政院/政務委員,傅立葉,2004年05月20日,2006年05月20日,,F
行政院/政務委員,林萬億,2006年05月20日,2007年05月21日,,M
行政院/政務委員,黃輝珍,2007年05月21日,2008年05月20日,1954年12月1日,M
行政院/政務委員,林盛豐,2004年05月20日,2006年01月25日,,M
行政院/政務委員,何美玥,2006年01月25日,2007年05月21日,1951年1月9日,F
行政院/政務委員,劉玉山,2007年05月21日,2008年05月20日,1944年10月30日,M
行政院/政務委員,郭瑤琪,2004年05月20日,2006年01月25日,1956年3月13日,F
行政院/政務委員,吳豐山,2006年01月25日,2007年05月21日,1945年1月24日,M
行政院/政務委員,何美玥,2007年06月12日,2008年05月20日,1951年1月9日,F
行政院/政務委員,陳其邁,2004年05月20日,2005年02月01日,1964年12月23日,M
行政院/政務委員,卓榮泰,2005年02月01日,2005年09月19日,1959年1月22日,M
行政院/政務委員,李應元,2005年09月19日,2006年01月25日,1953年3月16日,M
行政院/政務委員,吳澤成,2006年01月25日,2008年05月20日,,M
行政院/政務委員,林義夫,2004年05月20日,2005年01月31日,1942年11月15日,M
行政院/政務委員,林錫耀,2006年01月25日,2008年05月20日,1961年12月25日,M
行政院/政務委員,林逢慶,2004年05月20日,2008年05月20日,,M
行政院/政務委員,蔡勳雄,2008年05月20日,2010年02月24日,1941年6月23日,M
行政院/政務委員,陳添枝,2008年05月20日,2009年09月10日,,M
行政院/政務委員,朱雲鵬,2008年05月20日,2009年04月28日,1953年8月17日,M
行政院/政務委員,曾志朗,2008年05月20日,2009年09月10日,1944年9月8日,M
行政院/政務委員,張進福,2008年05月20日,2009年09月10日,1948年3月9日,M
行政院/政務委員,高思博,2008年05月20日,2009年09月10日,1968年10月31日,M
行政院/政務委員,范良銹,2008年05月20日,2009年09月10日,1946年8月15日,M
行政院/政務委員,薛承泰,2009年02月16日,2009年09月10日,1956年4月3日,M
行政院/政務委員,曾志朗,2009年09月10日,2012年02月06日,1944年9月8日,M
行政院/政務委員,張進福,2009年09月10日,2012年02月06日,1948年3月9日,M
行政院/政務委員,高思博,2009年09月10日,2011年02月11日,1968年10月31日,M
行政院/政務委員,羅瑩雪,2011年02月09日,2012年02月06日,1951年11月8日,F
行政院/政務委員,范良銹,2009年09月10日,2011年04月01日,1946年8月15日,M
行政院/政務委員,薛承泰,2009年09月10日,2012年02月06日,1956年4月3日,M
行政院/政務委員,梁啟源,2009年09月10日,2011年03月01日,1946年10月29日,M
行政院/政務委員,林政則,2009年09月10日,2012年02月06日,1944年2月5日,M
行政院/政務委員,尹啟銘,2009年11月16日,2011年11月28日,1952年6月2日,M
行政院/政務委員,管中閔,2012年02月06日,2013年02月18日,1956年8月15日,M
行政院/政務委員,薛承泰,2012年02月06日,2013年02月18日,1956年4月3日,M
行政院/政務委員,張進福,2012年02月06日,2012年05月20日,1948年3月9日,M
行政院/政務委員,尹啟銘,2012年05月20日,2013年02月18日,1952年6月2日,M
行政院/政務委員,黃光男,2012年02月06日,2013年02月18日,1944年2月15日,M
行政院/政務委員,張善政,2012年02月06日,2013年02月18日,1954年6月24日,M
行政院/政務委員,楊秋興,2012年02月06日,2013年02月18日,1956年5月15日,M
行政院/政務委員,羅瑩雪,2012年02月06日,2013年02月18日,1951年11月8日,F
行政院/政務委員,林政則,2012年02月06日,2013年02月18日,1944年2月5日,M
行政院/政務委員,陳振川,2012年02月06日,2013年02月18日,1954年7月28日,M
行政院/政務委員,陳士魁,2013年02月18日,2013年07月31日,1952年4月8日,M
行政院/政務委員,馮燕,2013年08月01日,2014年12月08日,,F
行政院/政務委員,管中閔,2013年02月18日,2014年12月08日,1956年8月15日,M
行政院/政務委員,薛琦,2013年02月18日,2014年03月02日,,M
行政院/政務委員,黃光男,2013年02月18日,2014年02月28日,1944年2月15日,M
行政院/政務委員,張善政,2013年02月18日,2014年03月02日,1954年6月24日,M
行政院/政務委員,楊秋興,2013年02月18日,2014年12月08日,1956年5月15日,M
行政院/政務委員,羅瑩雪,2013年02月18日,2013年09月29日,1951年11月8日,F
行政院/政務委員,蔡玉玲,2013年10月22日,2014年12月08日,1955年8月22日,F
行政院/政務委員,林政則,2013年02月18日,2014年12月08日,1944年2月5日,M
行政院/政務委員,陳振川,2013年02月18日,2013年07月31日,1954年7月28日,M
行政院/政務委員,陳希舜,2013年10月22日,2014年04月24日,,M
行政院/政務委員,許俊逸,2014年07月02日,2014年12月08日,,M
行政院/政務委員,馮燕,2014年12月08日,2016年5月20日,,F
行政院/政務委員,管中閔,2014年12月08日,2015年02月04日,1956年8月15日,M
行政院/政務委員,蔡玉玲,2014年12月08日,2016年5月20日,1955年8月22日,F
行政院/政務委員,林政則,2014年12月08日,2016年5月20日,1944年2月5日,M
行政院/政務委員,許俊逸,2014年12月08日,2016年5月20日,,M
行政院/政務委員,杜紫軍,2014年12月08日,2016年5月20日,1959年10月23日,M
行政院/政務委員,葉欣誠,2014年12月08日,2016年5月20日,1965年,M
行政院/政務委員,顏鴻森,2015年02月05日,2016年5月20日,1951年,M
行政院/政務委員,蕭家淇,2015年02月26日,2016年5月20日,1961年6月21日,M
行政院/政務委員,林美珠,2016年5月20日,,,F
行政院/政務委員,陳添枝,2016年5月20日,,,M
行政院/政務委員,吳宏謀,2016年5月20日,,,M
行政院/政務委員,施俊吉,2016年5月20日,,1955年8月10日,M
行政院/政務委員,張景森,2016年5月20日,,,M
行政院/政務委員,許璋瑤,2016年5月20日,,,M
行政院/政務委員,林萬億,2016年5月20日,,,M
行政院/秘書長,呂苾籌,1928年10月31日,1932年1月18日,,M
行政院/秘書長,鄭洪年,1932年1月18日,1932年1月31日,1875年,M
行政院/秘書長,曾仲鳴,1932年1月31日,1932年2月23日,,M
行政院/秘書長,褚民誼,1932年2月23日,1935年12月13日,1884年1月17日,M
行政院/秘書長,翁文灝,1935年12月13日,1937年9月9日,1889年7月26日,M
行政院/秘書長,魏道明,1937年9月9日,1941年12月27日,1899年10月28日,M
行政院/秘書長,蔣廷黻,1941年7月16日,1941年12月27日,1895年12月7日,M
行政院/秘書長,陳儀,1941年12月27日,1942年12月8日,1883年5月3日,M
行政院/秘書長,張厲生,1942年12月8日,1945年6月25日,1901年6月17日,M
行政院/秘書長,蔣夢麟,1945年6月25日,1947年4月23日,1886年1月20日,M
行政院/秘書長,甘乃光,1947年4月23日,1948年5月31日,1897年,M
行政院/秘書長,李惟果,1948年5月31日,1948年12月22日,1903年,M
行政院/秘書長,端木愷,1948年12月22日,1949年3月21日,1903年,M
行政院/秘書長,黃少谷,1949年3月21日,1949年6月12日,1901年7月24日,M
行政院/秘書長,賈景德,1949年6月12日,1950年,1880年,M
行政院/秘書長,黃少谷,1950年3月12日,1954年5月26日,1901年7月24日,M
行政院/秘書長,陳慶瑜,1954年6月1日,1958年7月14日,1899年,M
行政院/秘書長,陳雪屏,1958年7月14日,1963年11月29日,1901年,M
行政院/秘書長,蔣彥士,1967年11月29日,1972年5月29日,1915年2月27日,M
行政院/秘書長,費驊,1972年5月29日,1976年6月9日,1912年5月23日,M
行政院/秘書長,張繼正,1976年5月,1978年5月,1918年12月7日,M
行政院/秘書長,馬紀壯,1978年5月,1978年12月,1912年10月14日,M
行政院/秘書長,瞿韶華,1978年12月,1984年5月,1914年12月4日,M
行政院/秘書長,王章清,1984年6月1日,1988年7月,,M
行政院/秘書長,錢純,1988年7月,1989年5月,1929年2月8日,M
行政院/秘書長,王昭明,1989年,1993年2月26日,1920年8月5日,M
行政院/秘書長,李厚高,1993年2月26日,1994年12月14日,1926年10月21日,M
行政院/秘書長,趙守博,1993年12月14日,1997年9月1日,1941年3月1日,M
行政院/秘書長,張有惠,1997年9月1日,1999年1月27日,,M
行政院/秘書長,謝深山,1999年1月27日,2000年5月20日,1939年2月10日,M
行政院/秘書長,魏啟林,2000年5月20日,2000年10月6日,,M
行政院/秘書長,邱義仁,2000年10月6日,2002年2月1日,1950年5月9日,M
行政院/秘書長,李應元,2002年2月1日,2002年7月1日,1953年3月16日,M
行政院/秘書長,劉世芳,2002年7月1日,2004年5月20日,1959年08月13日,F
行政院/秘書長,葉國興,2004年5月20日,2005年2月1日,,M
行政院/秘書長,李應元,2005年2月1日,2005年9月14日,1953年3月16日,M
行政院/秘書長,卓榮泰,2005年9月14日,2006年1月25日,1959年1月22日,M
行政院/秘書長,劉玉山,2006年1月25日,2007年5月21日,1944年10月30日,M
行政院/秘書長,陳景峻,2007年5月21日,2008年5月20日,1956年6月15日,M
行政院/秘書長,薛香川,2008年5月20日,2009年9月10日,1944年12月12日,M
行政院/秘書長,林中森,2009年9月10日,2012年2月5日,1944年12月17日,M
行政院/秘書長,林益世,2012年2月6日,2012年6月29日,1968年8月19日,M
行政院/秘書長,陳士魁,2012年7月10日,2013年2月7日,1952年4月8日,M
行政院/秘書長,陳威仁,2013年2月7日,2014年3月1日,1953年5月24日,M
行政院/秘書長,李四川,2014年3月1日,2015年1月21日,1958年2月1日,M
行政院/秘書長,簡太郎,2015年1月24日,,1947年2月15日,M
行政院/秘書長,陳美伶,2016年5月20日,,1958年,F
行政院新聞局/局長,董顯光,1947年5月,1948年12月,1887年11月9日,M
行政院新聞局/局長,沈昌煥,1948年12月,1949年1月,1913年10月16日,M
行政院新聞局/局長,吳南如,1954年1月,1956年2月,1898年9月23日,M
行政院新聞局/局長,沈錡,1956年2月,1961年7月,1917年10月1日,M
行政院新聞局/局長,沈劍虹,1961年7月,1966年11月,1908年7月2日,M
行政院新聞局/局長,魏景蒙,1966年11月,1972年6月,1907年8月,M
行政院新聞局/局長,錢復,1972年6月,1975年5月,1935年2月17日,M
行政院新聞局/局長,丁懋時,1975年5月,1979年1月,,M
行政院新聞局/局長,宋楚瑜,1979年1月,1979年6月,1942年3月16日,M
行政院新聞局/局長,宋楚瑜,1979年6月,1984年9月,1942年3月16日,M
行政院新聞局/局長,張京育,1984年9月,1987年4月,1937年4月27日,M
行政院新聞局/局長,邵玉銘,1987年4月,1991年9月,1938年11月3日,M
行政院新聞局/局長,胡志強,1991年9月,1996年6月10日,1948年5月15日,M
行政院新聞局/局長,蘇起,1996年6月10日,1997年5月15日,1949年10月1日,M
行政院新聞局/局長,李大維,1997年5月15日,1998年2月5日,1949年10月15日,M
行政院新聞局/局長,程建人,1998年2月5日,1999年11月30日,1939年8月11日,M
行政院新聞局/局長,趙怡,1999年11月30日,2000年5月20日,1950年4月12日,M
行政院新聞局/局長,鍾琴,2000年5月20日,2000年10月6日,,F
行政院新聞局/局長,蘇正平,2000年10月6日,2002年2月1日,,M
行政院新聞局/局長,葉國興,2002年2月1日,2003年7月1日,,M
行政院新聞局/局長,黃輝珍,2003年7月1日,2004年5月20日,1954年12月1日,M
行政院新聞局/局長,陳其邁,2004年5月20日,2005年2月1日,1964年12月23日,M
行政院新聞局/局長,卓榮泰,2005年2月1日,2006年1月25日,1959年1月22日,M
行政院新聞局/局長,鄭文燦,2006年1月25日,2007年4月20日,1967年7月6日,M
行政院新聞局/局長,易榮宗,2007年4月20日,2007年6月11日,,M
行政院新聞局/局長,謝志偉,2007年6月11日,2008年5月20日,1955年1月6日,M
行政院新聞局/局長,史亞平,2008年5月20日,2008年12月31日,1962年7月27日,F
行政院新聞局/局長,蘇俊賓,2008年12月31日,2010年2月24日,1976年7月8日,M
行政院新聞局/局長,江啟臣,2010年2月24日,2011年5月1日,1972年3月2日,M
行政院新聞局/局長,楊永明,2011年5月2日,2012年5月19日,1964年7月13日,M
行政院/發言人,胡幼偉,2012年5月20日,2012年10月7日,1961年4月1日,M
行政院/發言人,黃敏恭,2012年10月7日,2012年10月22日,,M
行政院/發言人,鄭麗文,2012年10月23日,2014年2月17日,1969年11月12日,F
行政院/發言人,孫立群,2014年2月17日,,1961年10月21日,M
行政院/發言人,童振源,2016年5月20日,,1969年12月4日,M
內政部/部長,張厲生,1948年5月31日,1948年6月22日,1901年6月17日,M
內政部/部長,彭昭賢,1948年6月22日,1948年12月22日,1896年,M
內政部/部長,洪蘭友,1948年12月22日,1949年4月1日,1900年,M
內政部/部長,李漢魂,1949年4月1日,1950年2月6日,1895年11月23日,M
內政部/部長,谷正綱,1950年2月6日,1950年3月16日,1902年4月30日,M
內政部/部長,余井塘,1950年3月16日,1952年4月25日,1896年,M
內政部/部長,黃季陸,1952年4月25日,1954年6月1日,1899年9月3日,M
內政部/部長,王德溥,1954年6月1日,1958年3月27日,1897年,M
內政部/部長,田炯錦,1958年3月27日,1960年6月1日,1899年,M
內政部/部長,連震東,1960年6月1日,1966年6月3日,1904年4月23日,M
內政部/部長,徐慶鐘,1966年6月3日,1972年6月1日,1907年7月19日,M
內政部/部長,林金生,1972年6月1日,1976年6月11日,1916年,M
內政部/部長,張豐緒,1976年6月11日,1978年6月1日,1928年8月5日,M
內政部/部長,邱創煥,1978年6月1日,1981年12月1日,1925年7月25日,M
內政部/部長,林洋港,1981年12月1日,1984年6月1日,1927年6月10日,M
內政部/部長,吳伯雄,1984年6月1日,1988年7月22日,1939年6月19日,M
內政部/部長,許水德,1988年7月22日,1991年6月1日,1931年8月1日,M
內政部/部長,吳伯雄,1991年6月1日,1994年12月15日,1939年6月19日,M
內政部/部長,黃昆輝,1994年12月15日,1996年6月10日,1936年11月8日,M
內政部/部長,林豐正,1996年6月10日,1997年5月15日,1940年3月20日,M
內政部/部長,葉金鳳,1997年5月15日,1998年2月5日,1943年6月22日,F
內政部/部長,黃主文,1998年2月5日,2000年5月20日,1941年8月20日,M
內政部/部長,張博雅,2000年5月20日,2002年2月1日,1942年10月5日,F
內政部/部長,余政憲,2002年2月2日,2004年4月9日,1959年9月8日,M
內政部/部長,蘇嘉全,2004年4月9日,2006年1月25日,1956年10月22日,M
內政部/部長,李逸洋,2006年1月25日,2008年5月20日,1955年12月16日,M
內政部/部長,廖了以,2008年5月20日,2009年9月10日,1947年10月29日,M
內政部/部長,江宜樺,2009年9月10日,2012年2月6日,1960年11月18日,M
內政部/部長,李鴻源,2012年2月6日,2014年3月2日,1956年6月21日,M
內政部/部長,陳威仁,2014年3月3日,,1953年5月24日,M
內政部/部長,葉俊榮,2016年5月20日,,,M
外交部/部長,王世杰,1948年05月31日,1948年12月22日,1891年3月10日,M
外交部/部長,吳鐵城,1948年12月22日,1949年03月21日,1888年3月9日,M
外交部/部長,傅秉常,1949年03月21日,1949年05月28日,1896年2月16日,M
外交部/部長,胡適,1949年06月12日,1949年10月01日,1891年12月17日,M
外交部/部長,葉公超,1949年04月05日,1949年10月01日,1904年10月20日,M
外交部/部長,葉公超,1949年10月01日,1958年07月14日,1904年10月20日,M
外交部/部長,黃少谷,1958年07月14日,1960年05月31日,1901年7月24日,M
外交部/部長,沈昌煥,1960年05月31日,1966年05月27日,1913年10月16日,M
外交部/部長,魏道明,1966年05月27日,1971年03月31日,1899年10月28日,M
外交部/部長,周書楷,1971年03月31日,1972年05月29日,1913年8月21日,M
外交部/部長,沈昌煥,1972年05月29日,1978年12月16日,1913年10月16日,M
外交部/部長,蔣彥士,1978年12月20日,1979年12月19日,1915年2月27日,M
外交部/部長,朱撫松,1979年12月19日,1987年04月22日,1915年1月5日,M
外交部/部長,丁懋時,1987年04月22日,1988年07月20日,,M
外交部/部長,連戰,1988年07月20日,1990年06月01日,1936年8月27日,M
外交部/部長,錢復,1990年06月01日,1996年06月10日,1935年2月17日,M
外交部/部長,章孝嚴,1996年06月10日,1997年10月20日,1942年3月1日,M
外交部/部長,胡志強,1997年10月20日,1999年11月30日,1948年5月15日,M
外交部/部長,程建人,1999年11月30日,2000年05月20日,1939年8月11日,M
外交部/部長,田弘茂,2000年05月20日,2002年02月01日,1938年11月7日,M
外交部/部長,簡又新,2002年02月01日,2004年04月16日,1946年2月4日,M
外交部/部長,陳唐山,2004年04月16日,2006年01月25日,1935年9月16日,M
外交部/部長,黃志芳,2006年01月25日,2008年05月06日,1958年9月14日,M
外交部/部長,楊子葆,2008年05月06日,2008年05月20日,1963年8月8日,M
外交部/部長,歐鴻鍊,2008年05月20日,2009年09月10日,1940年1月5日,M
外交部/部長,楊進添,2009年09月10日,2012年09月27日,1942年7月1日,M
外交部/部長,林永樂,2012年09月27日,,1950年3月10日,M
外交部/部長,李大維,2016年05月20日,,1949年10月15日,M
國防部/部長,白崇禧,1946年5月23日,1948年6月2日,1893年3月18日,M
國防部/部長,何應欽,1948年6月3日,1948年12月21日,1890年4月2日,M
國防部/部長,徐永昌,1948年12月22日,1949年4月30日,1887年12月15日,M
國防部/部長,何應欽,1949年5月1日,1949年6月11日,1890年4月2日,M
國防部/部長,閻錫山,1949年6月12日,1950年1月31日,1883年10月8日,M
國防部/部長,顧祝同,1950年2月1日,1950年3月31日,1893年1月9日,M
國防部/部長,俞大維,1950年4月1日,1951年2月28日,1897年12月2日,M
國防部/部長,郭寄嶠,1950年4月1日,1951年2月28日,1901年11月25日,M
國防部/部長,郭寄嶠,1951年3月1日,1954年5月31日,1901年11月25日,M
國防部/部長,俞大維,1954年6月1日,1965年1月13日,1897年12月2日,M
國防部/部長,蔣經國,1965年1月14日,1969年6月30日,1910年4月27日,M
國防部/部長,黃杰,1969年7月1日,1972年5月31日,1902年,M
國防部/部長,陳大慶,1972年6月1日,1973年6月30日,1904年,M
國防部/部長,高魁元,1973年7月1日,1981年11月19日,1907年3月26日,M
國防部/部長,宋長志,1981年12月1日,1986年6月30日,1916年6月10日,M
國防部/部長,汪道淵,1986年7月1日,1987年4月28日,1913年9月1日,M
國防部/部長,鄭為元,1987年4月29日,1989年12月4日,1913年1月20日,M
國防部/部長,郝柏村,1989年12月5日,1990年5月31日,1919年8月24日,M
國防部/部長,陳履安,1990年6月1日,1993年2月26日,1937年6月22日,M
國防部/部長,孫震,1993年2月27日,1994年12月15日,1934年11月8日,M
國防部/部長,蔣仲苓,1994年12月16日,1999年1月31日,1922年9月21日,M
國防部/部長,唐飛,1999年2月1日,2000年5月19日,1932年3月15日,M
國防部/部長,伍世文,2000年5月20日,2002年1月31日,1934年7月24日,M
國防部/部長,湯曜明,2002年2月1日,2004年5月19日,1938年11月29日,M
國防部/部長,李傑,2004年5月20日,2007年5月19日,1940年6月6日,M
國防部/部長,李天羽,2007年5月20日,2008年2月24日,1946年5月23日,M
國防部/部長,蔡明憲,2008年2月25日,2008年5月19日,1941年8月9日,M
國防部/部長,陳肇敏,2008年5月20日,2009年9月9日,1940年7月10日,M
國防部/部長,高華柱,2009年9月10日,2013年7月31日,1946年10月2日,M
國防部/部長,楊念祖,2013年8月1日,2013年8月7日,1955年5月15日,M
國防部/部長,高廣圻,2013年8月7日,2013年8月7日,1951年3月9日,M
國防部/部長,嚴明,2013年8月8日,2015年1月30日,1949年11月14日,M
國防部/部長,高廣圻,2015年1月31日,,1951年3月9日,M
國防部/部長,馮世寬,2016年5月20日,,1945年11月25日,M
財政部/部長,王雲五,1948年5月31日,1948年11月10日,1888年7月9日,M
財政部/部長,徐堪,1948年11月11日,1949年3月20日,1888年1月1日,M
財政部/部長,劉攻芸,1949年3月21日,1949年6月11日,1900年,M
財政部/部長,徐堪,1949年6月12日,1949年10月2日,1888年1月1日,M
財政部/部長,關吉玉,1949年10月3日,1950年3月11日,1899年12月11日,M
財政部/部長,嚴家淦,1950年3月12日,1954年5月26日,1905年10月23日,M
財政部/部長,徐柏園,1954年5月27日,1958年3月18日,1902年2月8日,M
財政部/部長,嚴家淦,1958年3月19日,1963年12月13日,1905年10月23日,M
財政部/部長,陳慶瑜,1963年12月14日,1967年11月28日,1899年,M
財政部/部長,俞國華,1967年11月29日,1969年6月24日,1914年1月10日,M
財政部/部長,李國鼎,1969年6月25日,1976年6月8日,1910年1月28日,M
財政部/部長,費驊,1976年6月9日,1978年5月28日,1912年5月23日,M
財政部/部長,張繼正,1978年5月29日,1981年11月24日,1918年12月7日,M
財政部/部長,徐立德,1981年11月25日,1984年5月27日,1931年8月6日,M
財政部/部長,陸潤康,1984年5月28日,1985年8月20日,1927年6月19日,M
財政部/部長,錢純,1985年8月21日,1988年7月21日,1929年2月8日,M
財政部/部長,郭婉容,1988年7月22日,1990年5月31日,1930年1月25日,F
財政部/部長,王建煊,1990年6月1日,1992年10月22日,1938年8月7日,M
財政部/部長,白培英,1992年10月23日,1993年2月26日,1929年3月30日,M
財政部/部長,林振國,1993年2月27日,1996年6月9日,1937年12月9日,M
財政部/部長,邱正雄,1996年6月10日,2000年5月19日,1942年2月19日,M
財政部/部長,許嘉棟,2000年5月20日,2000年10月5日,1948年10月9日,M
財政部/部長,顏慶章,2000年10月6日,2002年1月31日,1948年4月7日,M
財政部/部長,李庸三,2002年2月1日,2002年12月1日,,M
財政部/部長,林全,2002年12月2日,2006年1月24日,1951年12月13日,M
財政部/部長,呂桔誠,2006年1月25日,2006年7月3日,1956年12月15日,M
財政部/部長,何志欽,2006年7月4日,2008年3月8日,1952年6月16日,M
財政部/部長,李瑞倉,2008年3月9日,2008年5月19日,,M
財政部/部長,李述德,2008年5月20日,2012年2月5日,1951年11月29日,M
財政部/部長,劉憶如,2012年2月6日,2012年5月30日,1955年4月7日,F
財政部/部長,曾銘宗,2012年5月31日,2012年5月31日,1959年1月22日,M
財政部/部長,張盛和,2012年6月1日,2016年5月19日,1949年9月1日,M
財政部/部長,許虞哲,2016年5月20日,,,M
教育部/部長,朱家驊,1948年5月31日,1948年12月22日,1893年5月30日,M
教育部/部長,陳雪屏,1948年12月30日,1949年4月5日,1901年,M
教育部/部長,杭立武,1949年4月7日,1950年3月16日,1903年1月26日,M
教育部/部長,程天放,1950年3月16日,1954年6月1日,1899年,M
教育部/部長,張其昀,1954年6月1日,1958年7月19日,1901年9月29日,M
教育部/部長,梅貽琦,1958年7月19日,1961年3月1日,1889年12月29日,M
教育部/部長,黃季陸,1961年3月1日,1965年1月25日,1899年9月3日,M
教育部/部長,閻振興,1965年1月25日,1969年7月1日,1912年7月10日,M
教育部/部長,鍾皎光,1969年7月1日,1971年4月16日,,M
教育部/部長,羅雲平,1971年4月16日,1972年6月1日,1915年9月24日,M
教育部/部長,蔣彥士,1972年6月1日,1977年4月25日,1915年2月27日,M
教育部/部長,李元簇,1977年4月25日,1978年6月1日,1923年9月24日,M
教育部/部長,朱匯森,1978年6月1日,1984年6月1日,1911年11月15日,M
教育部/部長,李煥,1984年6月1日,1987年7月4日,1917年9月24日,M
教育部/部長,毛高文,1987年7月4日,1993年2月27日,1936年2月9日,M
教育部/部長,郭為藩,1993年2月27日,1996年6月10日,1937年9月3日,M
教育部/部長,吳京,1996年6月10日,1998年2月9日,1934年4月9日,M
教育部/部長,林清江,1998年2月9日,1999年6月15日,1940年12月2日,M
教育部/部長,楊朝祥,1999年6月15日,2000年5月20日,1947年11月5日,M
教育部/部長,曾志朗,2000年5月20日,2002年2月1日,1944年9月8日,M
教育部/部長,黃榮村,2002年2月1日,2004年5月20日,1947年3月30日,M
教育部/部長,杜正勝,2004年5月20日,2008年5月20日,1944年6月10日,M
教育部/部長,鄭瑞城,2008年5月20日,2009年9月10日,1946年6月11日,M
教育部/部長,吳清基,2009年9月10日,2012年2月6日,1951年6月15日,M
教育部/部長,蔣偉寧,2012年2月6日,2014年7月14日,1957年9月2日,M
教育部/部長,陳德華,2014年7月14日,2014年8月6日,,M
教育部/部長,吳思華,2014年8月6日,2016年5月19日,1955年7月9日,M
教育部/部長,潘文忠,2016年5月20日,,1962年11月28日,M
法務部/部長,李元簇,1980年7月1日,1984年6月1日,1923年9月24日,M
法務部/部長,施啟揚,1984年6月1日,1988年7月23日,1935年5月5日,M
法務部/部長,蕭天讚,1988年7月23日,1989年10月7日,,M
法務部/部長,呂有文,1989年10月7日,1989年11月27日,1926年,M
法務部/部長,呂有文,1989年11月27日,1993年2月27日,1926年,M
法務部/部長,馬英九,1993年2月27日,1996年6月10日,1950年7月13日,M
法務部/部長,廖正豪,1996年6月10日,1998年7月14日,1946年3月30日,M
法務部/部長,城仲模,1998年7月14日,1999年2月1日,1938年10月30日,M
法務部/部長,葉金鳳,1999年2月1日,2000年5月20日,1943年6月22日,F
法務部/部長,陳定南,2000年5月20日,2005年2月1日,1943年9月20日,M
法務部/部長,施茂林,2005年2月1日,2008年5月20日,1950年8月2日,M
法務部/部長,王清峰,2008年5月20日,2010年3月12日,1952年1月1日,F
法務部/部長,黃世銘,2010年3月12日,2010年3月22日,1950年2月26日,M
法務部/部長,曾勇夫,2010年3月22日,2013年9月6日,1943年1月12日,M
法務部/部長,陳明堂,2013年9月6日,2013年9月30日,,M
法務部/部長,羅瑩雪,2013年9月30日,2016年5月19日,1951年11月8日,F
法務部/部長,邱太三,2016年5月20日,,1956年8月30日,M
經濟部/部長,陳啓天,1948年5月31日,1948年12月22日,1893年10月18日,
經濟部/部長,劉維熾,1948年12月22日,1949年3月21日,1892年,M
經濟部/部長,孫越琦,1949年3月21日,1949年5月10日,1893年10月16日,M
經濟部/部長,孫越琦,1949年5月10日,1949年6月16日,1893年10月16日,M
經濟部/部長,劉航琛,1949年6月16日,1950年2月10日,1896年,M
經濟部/部長,嚴家淦,1950年2月10日,1950年3月16日,1905年10月23日,M
經濟部/部長,鄭道儒,1950年3月16日,1952年4月17日,1897年,M
經濟部/部長,張茲闓,1952年4月17日,1954年6月1日,1900年8月31日,M
經濟部/部長,尹仲容,1954年6月1日,1955年11月4日,1903年4月16日,M
經濟部/部長,江杓,1955年11月4日,1958年3月26日,1900年12月19日,M
經濟部/部長,楊繼曾,1958年3月26日,1965年1月25日,,M
經濟部/部長,李國鼎,1965年1月25日,1969年7月4日,1910年1月28日,M
經濟部/部長,陶聲洋,1969年7月4日,1969年9月28日,1919年,M
經濟部/部長,孫運璿,1969年10月29日,1978年6月1日,1913年11月10日,M
經濟部/部長,張光世,1978年6月1日,1981年11月25日,,M
經濟部/部長,趙耀東,1981年11月25日,1984年5月28日,1916年9月29日,M
經濟部/部長,徐立德,1984年5月28日,1985年3月13日,1931年8月6日,M
經濟部/部長,李達海,1985年3月13日,1988年7月20日,,M
經濟部/部長,陳履安,1988年7月20日,1990年6月1日,1937年6月22日,M
經濟部/部長,蕭萬長,1990年6月1日,1993年2月27日,1939年1月3日,M
經濟部/部長,江丙坤,1993年2月27日,1996年6月8日,1932年12月16日,M
經濟部/部長,王志剛,1996年6月10日,2000年5月20日,1942年9月7日,M
經濟部/部長,林信義,2000年5月20日,2002年2月1日,1946年12月2日,M
經濟部/部長,宗才怡,2002年2月1日,2002年3月1日,1948年,F
經濟部/部長,林義夫,2002年3月21日,2004年5月20日,1942年11月15日,M
經濟部/部長,何美玥,2004年5月20日,2006年1月25日,1951年1月9日,F
經濟部/部長,黃營杉,2006年1月25日,2006年8月9日,1941年4月18日,M
經濟部/部長,陳瑞隆,2006年8月9日,2008年5月20日,1948年6月15日,M
經濟部/部長,尹啟銘,2008年5月20日,2009年9月10日,1952年6月2日,M
經濟部/部長,施顏祥,2009年9月10日,2013年2月7日,1950年3月24日,M
經濟部/部長,張家祝,2013年2月18日,2014年8月10日,1950年6月25日,M
經濟部/部長,杜紫軍,2014年8月10日,2014年12月8日,1959年10月23日,M
經濟部/部長,鄧振中,2014年12月8日,2016年5月19日,1952年7月29日,M
經濟部/部長,李世光,2016年5月20日,,1959年10月,M
交通部/部長,俞大維,1948年5月31日,1949年2月8日,1897年12月2日,M
交通部/部長,凌鴻勛,1949年2月8日,1949年3月21日,1894年4月15日,M
交通部/部長,端木傑,1949年3月21日,1950年2月1日,1897年,M
交通部/部長,閻錫山,1949年12月18日,1950年2月1日,1883年10月8日,M
交通部/部長,陳良,1950年2月1日,1950年3月15日,1896年9月12日,M
交通部/部長,賀衷寒,1950年3月15日,1954年6月1日,1900年1月5日,M
交通部/部長,袁守謙,1954年6月1日,1960年7月23日,1903年8月,M
交通部/部長,沈怡,1960年7月23日,1967年12月11日,1901年10月3日,M
交通部/部長,孫運璿,1967年12月11日,1969年10月11日,1913年11月10日,M
交通部/部長,張繼正,1969年10月11日,1972年6月1日,1918年12月7日,M
交通部/部長,高玉樹,1972年6月1日,1976年6月11日,1913年9月3日,M
交通部/部長,林金生,1976年6月11日,1981年12月1日,1916年,M
交通部/部長,連戰,1981年12月1日,1987年4月23日,1936年8月27日,M
交通部/部長,郭南宏,1987年4月23日,1989年6月1日,1936年10月23日,M
交通部/部長,張建邦,1989年6月1日,1991年4月24日,1929年3月15日,M
交通部/部長,馬鎮方,1991年4月24日,1991年6月1日,,M
交通部/部長,簡又新,1991年6月1日,1993年2月27日,1946年2月4日,M
交通部/部長,劉兆玄,1993年2月27日,1996年6月10日,1943年5月10日,M
交通部/部長,蔡兆陽,1996年6月10日,1998年4月1日,,M
交通部/部長,林豐正,1998年4月1日,2000年3月27日,1940年3月20日,M
交通部/部長,陳世圯,2000年3月27日,2000年5月20日,1938年5月13日,M
交通部/部長,葉菊蘭,2000年5月20日,2002年2月1日,1949年2月13日,F
交通部/部長,林陵三,2002年2月1日,2006年1月25日,1944年4月16日,M
交通部/部長,郭瑤琪,2006年1月25日,2006年8月22日,1956年3月13日,F
交通部/部長,蔡堆,2006年8月22日,2008年5月20日,1947年12月1日,M
交通部/部長,毛治國,2008年5月20日,2013年2月18日,1948年10月4日,M
交通部/部長,葉匡時,2013年2月18日,2015年1月13日,1957年1月7日,M
交通部/部長,陳建宇,2015年1月13日,2015年1月23日,,M
交通部/部長,陳建宇,2015年1月24日,2016年5月19日,,M
交通部/部長,賀陳旦,2016年5月20日,,1950年,M
行政院勞工委員會/主任委員,鄭水枝,1987年08月,1989年02月,1926年,M
行政院勞工委員會/主任委員,趙守博,1989年02月,1994年,1941年3月1日,M
行政院勞工委員會/主任委員,謝深山,1994年,1997年05月,1939年2月10日,M
行政院勞工委員會/主任委員,許介圭,1997年05月,1998年02月,,M
行政院勞工委員會/主任委員,詹火生,1998年02月,2000年05月,1949年2月10日,M
行政院勞工委員會/主任委員,陳菊,2000年05月20日,2005年09月19日,1950年6月10日,F
行政院勞工委員會/主任委員,李應元,2005年09月19日,2007年05月20日,1953年3月16日,M
行政院勞工委員會/主任委員,盧天麟,2007年05月20日,2008年05月20日,1959年11月7日,M
行政院勞工委員會/主任委員,王如玄,2008年05月20日,2012年10月02日,1961年10月2日,F
行政院勞工委員會/主任委員,潘世偉,2012年10月02日,2014年02月16日,1955年7月27日,M
勞動部/部長,潘世偉,2014年02月17日,2014年07月24日,1955年7月27日,M
勞動部/部長,郝鳳鳴,2014年07月24日,2014年08月19日,,M
勞動部/部長,陳雄文,2014年08月20日,2016年5月19日,1954年7月12日,M
勞動部/部長,郭芳煜,2016年05月20日,,1952年4月1日,M
行政院衛生署/署長,顏春輝,1971年3月17日,1974年6月25日,,M
行政院衛生署/署長,王金茂,1974年6月25日,1981年5月9日,,M
行政院衛生署/署長,許子秋,1981年5月9日,1986年1月14日,,M
行政院衛生署/署長,施純仁,1986年1月14日,1990年6月2日,1923年12月2日,M
行政院衛生署/署長,張博雅,1990年6月2日,1997年9月1日,1942年10月5日,F
行政院衛生署/署長,詹啟賢,1997年9月1日,2000年5月20日,1948年7月9日,M
行政院衛生署/署長,李明亮,2000年5月20日,2002年9月1日,1936年6月26日,M
行政院衛生署/署長,涂醒哲,2002年9月1日,2002年12月31日,1951年6月17日,M
行政院衛生署/署長,涂醒哲,2002年12月31日,2003年5月18日,1951年6月17日,M
行政院衛生署/署長,陳建仁,2003年5月18日,2005年2月1日,1951年6月6日,M
行政院衛生署/署長,王秀紅,2005年2月1日,2005年2月17日,1945年,F
行政院衛生署/署長,侯勝茂,2005年2月17日,2008年5月20日,1950年7月1日,M
行政院衛生署/署長,林芳郁,2008年5月20日,2008年9月25日,1950年7月8日,M
行政院衛生署/署長,宋晏仁,2008年9月25日,2008年9月26日,,M
行政院衛生署/署長,葉金川,2008年9月26日,2009年8月6日,1950年6月29日,M
行政院衛生署/署長,楊志良,2009年8月6日,2011年2月9日,1946年3月11日,M
行政院衛生署/署長,邱文達,2011年2月9日,2013年7月22日,1950年7月21日,M
衛生福利部/部長,邱文達,2013年7月23日,2014年10月3日,1950年7月21日,M
衛生福利部/部長,林奏延,2014年10月3日,2014年10月21日,,M
衛生福利部/部長,蔣丙煌,2014年10月22日,2016年5月19日,,M
衛生福利部/部長,林奏延,2016年5月20日,,,M
行政院文化建設委員會/主任委員,陳奇祿,1981年11月11日,1988年7月26日,1923年4月27日,M
行政院文化建設委員會/主任委員,郭為藩,1988年7月27日,1993年2月26日,1937年9月3日,M
行政院文化建設委員會/主任委員,申學庸,1993年2月27日,1994年12月14日,1929年10月05日,F
行政院文化建設委員會/主任委員,鄭淑敏,1994年12月15日,1996年6月9日,,F
行政院文化建設委員會/主任委員,林澄枝,1996年6月10日,2000年5月19日,1939年2月17日,F
行政院文化建設委員會/主任委員,陳郁秀,2000年5月20日,2004年5月19日,1949年4月22日,F
行政院文化建設委員會/主任委員,陳其南,2004年5月20日,2006年1月24日,,M
行政院文化建設委員會/主任委員,邱坤良,2006年1月25日,2007年5月20日,1949年2月13日,M
行政院文化建設委員會/主任委員,翁金珠,2007年5月21日,2008年1月31日,1947年1月31日,F
行政院文化建設委員會/主任委員,王拓,2008年2月1日,2008年5月19日,1944年1月9日,M
行政院文化建設委員會/主任委員,黃碧端,2008年5月20日,2009年11月15日,1945年11月14日,F
行政院文化建設委員會/主任委員,盛治仁,2009年11月16日,2011年11月27日,1968年1月5日,M
行政院文化建設委員會/主任委員,曾志朗,2011年11月28日,2012年2月5日,1944年9月8日,M
行政院文化建設委員會/主任委員,林金田,2012年2月6日,2012年2月14日,,M
行政院文化建設委員會/主任委員,龍應台,2012年2月15日,2012年5月19日,1952年2月13日,F
文化部/部長,龍應台,2012年5月20日,2014年12月8日,1952年2月13日,F
文化部/部長,洪孟啟,2014年12月8日,2015年1月25日,,M
文化部/部長,洪孟啟,2015年1月26日,2016年5月19日,,M
文化部/部長,鄭麗君,2016年5月20日,,1969年6月19日,F
行政院國家科學委員會/主任委員,吳大猷,1967年8月,1973年6月,1907年,M
行政院國家科學委員會/主任委員,徐賢修,1973年6月,1981年3月,1912年9月12日,M
行政院國家科學委員會/主任委員,張明哲,1981年3月,1984年5月31日,1914年5月6日,M
行政院國家科學委員會/主任委員,陳履安,1984年6月1日,1988年7月21日,1937年6月22日,M
行政院國家科學委員會/主任委員,夏漢民,1988年7月22日,1993年2月26日,,M
行政院國家科學委員會/主任委員,郭南宏,1993年2月27日,1996年6月10日,1936年10月23日,M
行政院國家科學委員會/主任委員,劉兆玄,1996年6月10日,1998年2月4日,1943年5月10日,M
行政院國家科學委員會/主任委員,黃鎮台,1998年2月5日,2000年5月19日,1948年10月17日,M
行政院國家科學委員會/主任委員,翁政義,2000年5月20日,2001年3月6日,,M
行政院國家科學委員會/主任委員,魏哲和,2001年3月7日,2004年5月19日,1946年4月28日,M
行政院國家科學委員會/主任委員,吳茂昆,2004年5月20日,2006年1月24日,1949年12月6日,M
行政院國家科學委員會/主任委員,陳建仁,2006年1月25日,2008年5月19日,1951年6月6日,M
行政院國家科學委員會/主任委員,李羅權,2008年5月20日,2012年2月5日,1947年4月20日,M
行政院國家科學委員會/主任委員,朱敬一,2012年2月6日,2014年3月2日,1955年10月29日,M
科技部/部長,張善政,2014年3月3日,2014年12月8日,1954年6月24日,M
科技部/部長,林一平,2014年12月8日,2015年1月23日,,M
科技部/部長,徐爵民,2015年1月24日,2016年5月19日,,M
科技部/部長,楊弘敦,2016年5月20日,,1956年,M
行政院美援運用委員會/主任委員,翁文灝,1948年6月4日,1948年11月26日,1889年7月26日,M
行政院美援運用委員會/主任委員,孫科,1948年11月26日,1949年3月12日,1891年10月20日,M
行政院美援運用委員會/主任委員,何應欽,1949年3月12日,1949年6月12日,1890年4月2日,M
行政院美援運用委員會/主任委員,閻錫山,1949年6月12日,1950年3月15日,1883年10月8日,M
行政院美援運用委員會/主任委員,陳誠,1950年3月15日,1954年6月1日,1898年1月4日,M
行政院美援運用委員會/主任委員,俞鴻鈞,1954年6月1日,1957年8月22日,1898年1月4日,M
行政院美援運用委員會/主任委員,嚴家淦,1957年8月22日,1958年7月15日,1905年10月23日,M
行政院美援運用委員會/主任委員,陳誠,1958年7月15日,1963年9月,1898年1月4日,M
行政院國際經濟合作發展委員會/主任委員,陳誠,1963年9月,1963年12月21日,1898年1月4日,M
行政院國際經濟合作發展委員會/主任委員,嚴家淦,1963年12月21日,1969年8月4日,1905年10月23日,M
行政院國際經濟合作發展委員會/主任委員,蔣經國,1969年8月4日,1973年8月1日,1910年4月27日,M
行政院經濟設計委員會/主任委員,張繼正,1973年8月1日,1976年6月11日,1918年12月7日,M
行政院經濟設計委員會/主任委員,楊家麟,1976年6月11日,1977年12月1日,1910年10月13日,M
行政院經濟建設委員會/主任委員,俞國華,1977年12月1日,1984年6月1日,1914年1月10日,M
行政院經濟建設委員會/主任委員,趙耀東,1984年6月1日,1988年7月22日,1916年9月29日,M
行政院經濟建設委員會/主任委員,錢復,1988年7月22日,1990年6月1日,1935年2月17日,M
行政院經濟建設委員會/主任委員,郭婉容,1990年6月1日,1993年2月27日,1930年1月25日,F
行政院經濟建設委員會/主任委員,蕭萬長,1993年2月27日,1994年12月15日,1939年1月3日,M
行政院經濟建設委員會/主任委員,徐立德,1994年12月15日,1996年6月10日,1931年8月6日,M
行政院經濟建設委員會/主任委員,江丙坤,1996年6月10日,2000年5月20日,1932年12月16日,M
行政院經濟建設委員會/主任委員,陳博志,2000年5月20日,2002年2月1日,1949年2月1日,M
行政院經濟建設委員會/主任委員,林信義,2002年2月1日,2004年5月20日,1946年12月2日,M
行政院經濟建設委員會/主任委員,胡勝正,2004年5月20日,2007年5月21日,1940年8月5日,M
行政院經濟建設委員會/主任委員,何美玥,2007年5月21日,2008年5月20日,1951年1月9日,F
行政院經濟建設委員會/主任委員,陳添枝,2008年5月20日,2009年9月10日,,M
行政院經濟建設委員會/主任委員,蔡勳雄,2009年9月10日,2010年5月19日,1941年6月23日,M
行政院經濟建設委員會/主任委員,劉憶如,2010年5月19日,2012年2月6日,1955年4月7日,F
行政院經濟建設委員會/主任委員,尹啟銘,2012年2月6日,2013年2月18日,1952年6月2日,M
行政院經濟建設委員會/主任委員,管中閔,2013年2月18日,2014年1月21日,1956年8月15日,M
行政院研究發展考核委員會/主任委員,陳雪屏,1969年3月,1972年6月,1901年,M
行政院研究發展考核委員會/主任委員,楊家麟,1972年6月,1976年6月,1910年10月13日,M
行政院研究發展考核委員會/主任委員,郭澄,1976年6月,1976年9月,,M
行政院研究發展考核委員會/主任委員,魏鏞,1976年9月,1988年7月,1936年5月5日,M
行政院研究發展考核委員會/主任委員,馬英九,1988年7月,1991年6月,1950年7月13日,M
行政院研究發展考核委員會/主任委員,孫得雄,1991年6月,1994年12月,,M
行政院研究發展考核委員會/主任委員,王仁宏,1994年12月,1996年6月,1937年,M
行政院研究發展考核委員會/主任委員,黃大洲,1996年6月,1997年9月,1936年2月7日,M
行政院研究發展考核委員會/主任委員,楊朝祥,1997年9月,1999年6月,1947年11月5日,M
行政院研究發展考核委員會/主任委員,魏啟林,1999年6月,2000年5月,,M
行政院研究發展考核委員會/主任委員,林嘉誠,2000年5月,2004年5月,,M
行政院研究發展考核委員會/主任委員,葉俊榮,2004年5月,2006年4月,,M
行政院研究發展考核委員會/主任委員,施能傑,2006年5月1日,2006年8月7日,,M
行政院研究發展考核委員會/主任委員,施能傑,2006年8月,2008年5月,,M
行政院研究發展考核委員會/主任委員,江宜樺,2008年5月,2009年9月,1960年11月18日,M
行政院研究發展考核委員會/主任委員,宋餘俠,2009年9月10日,2009年9月29日,,M
行政院研究發展考核委員會/主任委員,朱景鵬,2009年9月,2012年7月,,M
行政院研究發展考核委員會/主任委員,宋餘俠,2012年7月,2014年1月,,M
國家發展委員會/主任委員,管中閔,2014年1月22日,2015年2月4日,1956年8月15日,M
國家發展委員會/主任委員,杜紫軍,2015年2月4日,2016年1月31日,1959年10月23日,M
國家發展委員會/主任委員,林祖嘉,2016年2月1日,1949年6月11日,,M
國家發展委員會/主任委員,陳添枝,2016年5月20日,,,M
中國農村復興聯合委員會/主任委員,蔣夢麟,1948年10月,1964年6月,1886年1月20日,M
中國農村復興聯合委員會/主任委員,沈宗瀚,1964年8月,1973年5月,1895年12月15日,M
中國農村復興聯合委員會/主任委員,李崇道,1973年5月,1979年3月,1923年10月2日,M
行政院農業發展委員會/主任委員,李崇道,1979年3月,1981年8月,1923年10月2日,M
行政院農業發展委員會/主任委員,張憲秋,1981年8月,1984年6月,,M
行政院農業發展委員會/主任委員,王友釗,1984年6月,1984年9月,,M
行政院農業委員會/主任委員,王友釗,1984年9月,1988年7月,,M
行政院農業委員會/主任委員,余玉賢,1988年7月,1992年11月,1934年10月16日,M
行政院農業委員會/主任委員,孫明賢,1992年11月,1996年6月,,M
行政院農業委員會/主任委員,邱茂英,1996年6月,1997年5月,,M
行政院農業委員會/主任委員,彭作奎,1997年5月,1999年12月,,M
行政院農業委員會/主任委員,林享能,1999年12月,2000年5月,,M
行政院農業委員會/主任委員,陳希煌,2000年5月,2002年1月,,M
行政院農業委員會/主任委員,范振宗,2002年2月,2002年12月,1942年11月20日,M
行政院農業委員會/主任委員,李金龍,2002年12月,2006年1月,1947年,M
行政院農業委員會/主任委員,蘇嘉全,2006年1月,2008年5月,1956年10月22日,M
行政院農業委員會/主任委員,陳武雄,2008年5月,2012年2月5日,1944年3月11日,M
行政院農業委員會/主任委員,陳保基,2012年2月6日,2016年1月31日,1953年11月10日,M
行政院農業委員會/主任委員,陳志清,2016年2月1日,2016年5月19日,1952年1月11日,M
行政院農業委員會/主任委員,曹啟鴻,2016年5月20日,,1948年3月1日,M
行政院大陸委員會/主任委員,施啟揚,1991年2月7日,1991年5月31日,1935年5月5日,M
行政院大陸委員會/主任委員,黃昆輝,1991年6月1日,1994年12月14日,1936年11月8日,M
行政院大陸委員會/主任委員,蕭萬長,1994年12月15日,1995年12月3日,1939年1月3日,M
行政院大陸委員會/主任委員,高孔廉,1995年12月4日,1996年2月27日,1944年11月9日,M
行政院大陸委員會/主任委員,張京育,1996年2月28日,1999年1月31日,1937年4月27日,M
行政院大陸委員會/主任委員,蘇起,1999年2月1日,2000年5月19日,1949年10月1日,M
行政院大陸委員會/主任委員,蔡英文,2000年5月20日,2004年5月19日,1956年8月31日,F
行政院大陸委員會/主任委員,吳釗燮,2004年5月20日,2007年4月11日,1954年10月31日,M
行政院大陸委員會/主任委員,陳明通,2007年4月12日,2008年5月19日,1955年7月11日,M
行政院大陸委員會/主任委員,賴幸媛,2008年5月20日,2012年10月1日,1956年11月9日,F
行政院大陸委員會/主任委員,王郁琦,2012年10月2日,2015年2月16日,1969年8月4日,M
行政院大陸委員會/主任委員,夏立言,2015年2月17日,2016年5月19日,1950年12月24日,M
行政院大陸委員會/主任委員,張小月,2016年5月20日,,1953年2月12日,F
蒙藏委員會/委員長,閻錫山,1928年12月27日,1930年4月5日,1883年10月8日,M
蒙藏委員會/委員長,馬福祥,1930年9月8日,1931年12月30日,1876年2月4日,M
蒙藏委員會/委員長,石青陽,1931年12月30日,1935年3月15日,1879年,M
蒙藏委員會/委員長,黃慕松,1935年3月15日,1936年7月29日,1884年,M
蒙藏委員會/委員長,林雲陔,1936年7月29日,1936年8月8日,1881年2月2日,M
蒙藏委員會/委員長,吳忠信,1936年8月8日,1944年12月6日,1884年3月15日,M
蒙藏委員會/委員長,羅良鑒,1944年12月6日,1947年4月23日,,M
蒙藏委員會/委員長,許世英,1947年4月23日,1948年11月26日,1873年,M
蒙藏委員會/委員長,白雲梯,1948年11月26日,1949年6月6日,1894年2月17日,M
蒙藏委員會/委員長,關吉玉,1949年6月6日,1949年11月23日,1899年12月11日,M
蒙藏委員會/委員長,周昆田,1949年11月23日,1950年3月10日,,M
蒙藏委員會/委員長,余井塘,1950年3月10日,1951年2月22日,1896年,M
蒙藏委員會/委員長,田炯錦,1951年2月22日,1954年5月25日,1899年,M
蒙藏委員會/委員長,劉廉克,1954年5月25日,1958年7月14日,,M
蒙藏委員會/委員長,李永新,1958年7月14日,1960年5月30日,,M
蒙藏委員會/委員長,田炯錦,1960年5月30日,1963年12月14日,1899年,M
蒙藏委員會/委員長,郭寄嶠,1963年12月14日,1972年5月29日,1901年11月25日,M
蒙藏委員會/委員長,崔垂言,1972年5月29日,1981年11月,,M
蒙藏委員會/委員長,薛人仰,1981年11月,1984年5月,1913年11月15日,M
蒙藏委員會/委員長,董樹藩,1984年5月,1986年3月,,M
蒙藏委員會/委員長,吳化鵬,1986年4月,1993年2月26日,,M
蒙藏委員會/委員長,張駿逸,1993年2月27日,1994年12月14日,,M
蒙藏委員會/委員長,李厚高,1994年12月15日,1997年8月31日,1926年10月21日,M
蒙藏委員會/委員長,高孔廉,1997年9月1日,2000年5月20日,1944年11月9日,M
蒙藏委員會/委員長,徐正光,2000年5月20日,2002年1月31日,1943年2月16日,M
蒙藏委員會/委員長,許志雄,2002年2月1日,2008年5月19日,,M
蒙藏委員會/委員長,高思博,2008年5月20日,2011年2月8日,1968年10月31日,M
蒙藏委員會/委員長,羅瑩雪,2011年2月9日,2013年9月29日,1951年11月8日,F
蒙藏委員會/委員長,陳明仁,2013年9月30日,2013年10月22日,,M
蒙藏委員會/委員長,蔡玉玲,2013年10月22日,2016年5月19日,1955年8月22日,F
蒙藏委員會/委員長,林美珠,2016年5月20日,,,F
金融監督管理委員會/主任委員,龔照勝,2004年7月1日,2006年5月11日,1955年3月29日,M
金融監督管理委員會/主任委員,呂東英,2006年5月12日,2006年8月3日,,M
金融監督管理委員會/主任委員,施俊吉,2006年8月4日,2007年1月24日,1955年8月10日,M
金融監督管理委員會/主任委員,胡勝正,2007年1月25日,2008年6月30日,1940年8月5日,M
金融監督管理委員會/主任委員,陳樹,2008年7月1日,2008年11月30日,1954年3月10日,M
金融監督管理委員會/主任委員,陳冲,2008年12月1日,2010年5月16日,1949年10月13日,M
金融監督管理委員會/主任委員,陳裕璋,2010年5月17日,2012年6月30日,1955年9月18日,M
金融監督管理委員會/主任委員,陳裕璋,2012年7月1日,2013年7月28日,1955年9月18日,M
金融監督管理委員會/主任委員,曾銘宗,2013年7月29日,2016年1月31日,1959年1月22日,M
金融監督管理委員會/主任委員,王儷玲,2016年2月1日,2016年5月19日,,F
金融監督管理委員會/主任委員,丁克華,2016年5月20日,,,M
僑務委員會/委員長,陳樹人,1932年4月27日,1947年5月1日,1884年2月9日,M
僑務委員會/委員長,劉維熾,1947年5月1日,1948年12月28日,1892年,M
僑務委員會/委員長,戴愧生,1948年12月28日,1950年5月18日,,M
僑務委員會/委員長,葉公超,1950年5月19日,1952年4月16日,1904年10月20日,M
僑務委員會/委員長,鄭彥棻,1952年4月16日,1958年7月16日,1902年2月8日,M
僑務委員會/委員長,陳清文,1958年7月16日,1960年6月24日,,M
僑務委員會/委員長,周書楷,1960年6月24日,1962年12月3日,1913年8月21日,M
僑務委員會/委員長,高信,1962年12月3日,1972年6月1日,,M
僑務委員會/委員長,毛松年,1972年6月1日,1984年6月1日,,M
僑務委員會/委員長,曾廣順,1984年6月1日,1993年2月27日,,M
僑務委員會/委員長,蔣孝嚴,1993年2月27日,1996年6月10日,1942年3月1日,M
僑務委員會/委員長,祝基瀅,1996年6月10日,1998年2月5日,,M
僑務委員會/委員長,焦仁和,1998年2月5日,2000年5月20日,1948年11月11日,M
僑務委員會/委員長,張富美,2000年5月20日,2008年5月20日,1938年10月10日,F
僑務委員會/委員長,吳英毅,2008年5月20日,2013年8月1日,1943年1月15日,M
僑務委員會/委員長,陳士魁,2013年8月1日,2016年5月19日,1952年4月8日,M
僑務委員會/委員長,吳新興,2016年5月20日,,,M
行政院環境保護署/署長,簡又新,1987年8月22日,1991年5月31日,1946年2月4日,M
行政院環境保護署/署長,趙少康,1991年6月1日,1992年11月15日,1950年5月6日,M
行政院環境保護署/署長,陳龍吉,1992年11月15日,1992年11月20日,,M
行政院環境保護署/署長,張隆盛,1992年11月21日,1996年6月9日,,M
行政院環境保護署/署長,蔡勳雄,1996年6月10日,2000年5月20日,1941年6月23日,M
行政院環境保護署/署長,林俊義,2000年5月20日,2001年3月6日,1938年7月23日,M
行政院環境保護署/署長,郝龍斌,2001年3月7日,2003年10月6日,1952年8月22日,M
行政院環境保護署/署長,張祖恩,2003年10月6日,2005年4月25日,1951年,M
行政院環境保護署/署長,蔡丁貴,2005年4月25日,2005年6月7日,1949年3月24日,M
行政院環境保護署/署長,張國龍,2005年6月8日,2007年5月20日,1938年7月,M
行政院環境保護署/署長,陳重信,2007年5月20日,2008年5月20日,1943年,M
行政院環境保護署/署長,沈世宏,2008年5月20日,2014年3月2日,1949年6月19日,M
行政院環境保護署/署長,魏國彥,2014年3月3日,2016年5月19日,1953年2月5日,M
行政院環境保護署/署長,李應元,2016年5月20日,,1953年3月16日,M
行政院海岸巡防署/署長,姚高橋,2000年1月28日,2000年5月20日,,M
行政院海岸巡防署/署長,王郡,2000年5月21日,2004年5月19日,,M
行政院海岸巡防署/署長,許惠祐,2004年5月20日,2006年1月24日,1952年11月2日,M
行政院海岸巡防署/署長,王進旺,2006年1月25日,2014年12月7日,1947年,M
行政院海岸巡防署/署長,王崇儀,2014年12月8日,2016年5月19日,,M
行政院海岸巡防署/署長,李仲威,2016年5月20日,,,M
行政院國軍退除役官兵就業輔導委員會/主任委員,嚴家淦,1954年11月1日,1956年4月24日,1905年10月23日,M
行政院國軍退除役官兵就業輔導委員會/主任委員,蔣經國,1956年4月25日,1964年6月30日,1910年4月27日,M
行政院國軍退除役官兵就業輔導委員會/主任委員,趙聚鈺,1964年7月1日,1966年,1913年,M
行政院國軍退除役官兵輔導委員會/主任委員,趙聚鈺,1966年,1981年6月7日,1913年,M
行政院國軍退除役官兵輔導委員會/主任委員,鄭為元,1981年6月18日,1987年4月28日,1913年1月20日,M
行政院國軍退除役官兵輔導委員會/主任委員,張國英,1987年4月29日,1987年11月17日,1955年,M
行政院國軍退除役官兵輔導委員會/主任委員,許歷農,1987年11月18日,1993年2月26日,1921年3月1日,M
行政院國軍退除役官兵輔導委員會/主任委員,周世斌,1993年2月27日,1994年12月14日,,M
行政院國軍退除役官兵輔導委員會/主任委員,楊亭雲,1994年12月15日,1999年1月31日,,M
行政院國軍退除役官兵輔導委員會/主任委員,李楨林,1999年2月1日,2000年5月19日,,M
行政院國軍退除役官兵輔導委員會/主任委員,楊德智,2000年5月20日,2003年2月5日,1941年12月25日,M
行政院國軍退除役官兵輔導委員會/主任委員,鄧祖琳,2003年2月6日,2004年5月19日,,M
行政院國軍退除役官兵輔導委員會/主任委員,高華柱,2004年5月20日,2007年2月8日,1946年10月2日,M
行政院國軍退除役官兵輔導委員會/主任委員,胡鎮埔,2007年2月9日,2008年5月19日,1948年8月14日,M
行政院國軍退除役官兵輔導委員會/主任委員,高華柱,2008年5月20日,2009年9月9日,1946年10月2日,M
行政院國軍退除役官兵輔導委員會/主任委員,曾金陵,2009年9月10日,2013年7月31日,,M
行政院國軍退除役官兵輔導委員會/主任委員,董翔龍,2013年8月1日,2013年10月31日,1952年9月21日,M
國軍退除役官兵輔導委員會/主任委員,董翔龍,2013年11月1日,2016年5月19日,1952年9月21日,M
國軍退除役官兵輔導委員會/主任委員,李翔宙,2016年5月20日,,1952年8月2日,M
行政院原住民委員會/主任委員,華加志,1996年6月1日,2000年5月20日,1936年11月22日,M
行政院原住民委員會/主任委員,尤哈尼·伊斯卡卡夫特（松國賢）,2000年5月20日,2002年2月1日,,M
行政院原住民族委員會/主任委員,陳建年,2002年2月1日,2005年3月10日,1947年10月10日,M
行政院原住民族委員會/主任委員,瓦歷斯·貝林（蔡貴聰）,2005年3月10日,2007年5月21日,1952年8月8日,M
行政院原住民族委員會/主任委員,夷將·拔路兒（劉文雄）,2007年5月21日,2008年5月20日,1960年12月2日,M
行政院原住民族委員會/主任委員,章仁香,2008年5月20日,2009年9月10日,1953年6月27日,F
行政院原住民族委員會/主任委員,孫大川,2009年9月10日,2013年7月31日,1953年12月18日,M
行政院原住民族委員會/主任委員,林江義,2013年8月1日,2014年3月25日,1949年10月30日,M
原住民族委員會/主任委員,林江義,2014年3月26日,2016年5月19日,1949年10月30日,M
原住民族委員會/主任委員,夷將·拔路兒（劉文雄）,2016年5月20日,,1960年12月2日,M
行政院客家委員會/主任委員,范光群,2001年6月14日,2002年1月31日,1939年3月16日,M
行政院客家委員會/主任委員,葉菊蘭,2002年2月1日,2004年5月19日,1949年2月13日,F
行政院客家委員會/主任委員,羅文嘉,2004年5月20日,2005年3月14日,1966年1月1日,M
行政院客家委員會/主任委員,李永得,2005年3月15日,2005年6月19日,1955年5月30日,M
行政院客家委員會/主任委員,李永得,2005年6月20日,2008年5月19日,1955年5月30日,M
行政院客家委員會/主任委員,黃玉振,2008年5月20日,2011年12月31日,1952年9月16日,M
客家委員會/主任委員,黃玉振,2012年1月1日,2014年7月7日,1952年9月16日,M
客家委員會/主任委員,劉慶中,2014年7月8日,2014年8月4日,,M
客家委員會/主任委員,劉慶中,2014年8月5日,2016年2月1日,,M
客家委員會/主任委員,鍾萬梅,2016年2月1日,2016年5月19日,,M
客家委員會/主任委員,李永得,2016年5月20日,,1955年5月30日,M
行政院公共工程委員會/主任委員,陳豫,1995年7月20日,1996年6月8日,,M
行政院公共工程委員會/主任委員,歐晉德,1996年6月8日,1998年12月25日,1944年11月19日,M
行政院公共工程委員會/主任委員,李建中,1998年12月25日,1999年1月27日,,M
行政院公共工程委員會/主任委員,蔡兆陽,1999年1月27日,2000年5月20日,,M
行政院公共工程委員會/主任委員,林能白,2000年5月20日,2002年2月1日,,M
行政院公共工程委員會/主任委員,郭瑤琪,2002年2月1日,2006年1月25日,1956年3月13日,F
行政院公共工程委員會/主任委員,吳澤成,2006年1月25日,2008年5月20日,,M
行政院公共工程委員會/主任委員,范良銹,2008年5月20日,2011年4月1日,1946年8月15日,M
行政院公共工程委員會/主任委員,李鴻源,2011年4月1日,2012年2月5日,1956年6月21日,M
行政院公共工程委員會/主任委員,陳振川,2012年2月5日,2013年8月1日,1954年7月28日,M
行政院公共工程委員會/主任委員,顏久榮,2013年8月1日,2013年10月24日,,M
行政院公共工程委員會/主任委員,陳希舜,2013年10月24日,2014年4月30日,,M
行政院公共工程委員會/主任委員,顏久榮,2014年4月30日,2014年7月1日,,M
行政院公共工程委員會/主任委員,許俊逸,2014年7月1日,2016年5月19日,,M
行政院公共工程委員會/主任委員,吳宏謀,2016年5月20日,,,M
中央銀行/總裁,宋子文,1928年2月,1931年12月,1894年12月4日,M
中央銀行/總裁,孔祥熙,1933年4月,1945年7月,1880年9月11日,M
中央銀行/總裁,俞鴻鈞,1945年7月,1946年2月,1898年1月4日,M
中央銀行/總裁,貝祖貽,1946年3月,1947年2月,,M
中央銀行/總裁,張嘉璈,1947年3月,1948年5月,1889年11月13日,M
中央銀行/總裁,俞鴻鈞,1948年5月,1949年1月,1898年1月4日,M
中央銀行/總裁,劉攻芸,1949年1月,1949年6月,1900年,M
中央銀行/總裁,徐堪,1949年6月,1949年10月,1888年1月1日,M
中央銀行/總裁,俞鴻鈞,1950年1月,1960年6月1日,1898年1月4日,M
中央銀行/總裁,徐柏園,1960年7月,1969年6月,1902年2月8日,M
中央銀行/總裁,俞國華,1969年6月,1984年5月,1914年1月10日,M
中央銀行/總裁,張繼正,1984年5月,1989年6月,1918年12月7日,M
中央銀行/總裁,謝森中,1989年6月,1994年6月,1919年11月13日,M
中央銀行/總裁,梁國樹,1994年6月,1995年3月,1930年12月12日,M
中央銀行/總裁,許遠東,1995年3月,1998年2月,1927年5月22日,M
中央銀行/總裁,彭淮南,1998年2月,1999年11月29日,1939年1月2日,M
國民政府主計處/主計長,陳其采,1931年4月,1946年10月,1880年10月21日,M
國民政府主計處/主計長,徐堪,1946年10月,1948年5月,1888年1月1日,M
主計部/主計長,徐堪,1948年5月,1948年11月,1888年1月1日,M
主計部/主計長,龐松舟,1948年11月,1949年3月,,M
行政院主計處/主計長,龐松舟,1949年3月,1949年12月,,M
行政院主計處/主計長,王燿,1949年12月,1950年3月,,M
行政院主計處/主計長,陳良,1950年3月,1950年8月,1896年9月12日,M
行政院主計處/主計長,龐松舟,1950年8月,1958年7月,,M
行政院主計處/主計長,陳慶瑜,1958年7月,1963年3月,1899年,M
行政院主計處/主計長,張導民,1963年3月,1969年1月,,M
行政院主計處/主計長,周宏濤,1969年1月,1978年6月,1916年12月14日,M
行政院主計處/主計長,鍾時益,1978年6月,1987年1月11日,,M
行政院主計處/主計長,于建民,1987年1月12日,1993年2月26日,,M
行政院主計處/主計長,汪錕,1993年2月27日,1996年6月9日,,M
行政院主計處/主計長,韋端,1996年6月10日,2000年5月19日,,M
行政院主計處/主計長,林全,2000年5月20日,2002年12月1日,1951年12月13日,M
行政院主計處/主計長,劉三錡,2002年12月2日,2004年5月19日,,M
行政院主計處/主計長,許璋瑤,2004年5月20日,2008年5月19日,,M
行政院主計處/主計長,石素梅,2008年5月20日,2012年2月5日,1952年7月20日,F
行政院主計總處/主計長,石素梅,2012年2月6日,2016年5月19日,1952年7月20日,F
行政院主計總處/主計長,朱澤民,2016年5月20日,,,M
行政院人事行政局/局長,王正誼,1967年09月16日,1972年05月31日,1915年,M
行政院人事行政局/局長,陳桂華,1972年06月01日,1984年09月19日,,M
行政院人事行政局/局長,卜達海,1984年09月20日,1993年02月26日,,M
行政院人事行政局/局長,陳庚金,1993年2月27日,1997年8月31日,1939年2月2日,M
行政院人事行政局/局長,魏啟林,1997年09月01日,1999年06月14日,,M
行政院人事行政局/局長,張哲琛,1999年06月15日,2000年05月19日,,M
行政院人事行政局/局長,朱武獻,2000年05月20日,2002年01月31日,1950年6月10日,M
行政院人事行政局/局長,李逸洋,2002年02月01日,2005年01月31日,1955年12月16日,M
行政院人事行政局/局長,張俊彥,2005年02月01日,2006年01月24日,1937年10月12日,M
行政院人事行政局/局長,周弘憲,2006年01月25日,2008年05月19日,,M
行政院人事行政局/局長,陳清秀,2008年05月20日,2009年09月09日,,M
行政院人事行政局/局長,吳泰成,2009年09月10日,2012年02月05日,1950年,M
行政院人事行政總處/人事長,吳泰成,2012年02月06日,2012年03月27日,1950年,M
行政院人事行政總處/人事長,黃富源,2012年03月28日,2016年5月19日,,M
行政院人事行政總處/人事長,施能傑,2016年05月20日,,,M
國立故宮博物院/院長,蔣復璁,1965年9月,1983年1月,1898年11月12日,M
國立故宮博物院/院長,秦孝儀,1983年1月,2000年5月20日,1921年2月11日,M
國立故宮博物院/院長,杜正勝,2000年5月20日,2004年5月20日,1944年6月10日,M
國立故宮博物院/院長,石守謙,2004年5月20日,2006年1月25日,1951年6月8日,M
國立故宮博物院/院長,林曼麗,2006年1月25日,2008年5月20日,1954年8月8日,F
國立故宮博物院/院長,周功鑫,2008年5月20日,2012年7月29日,1947年4月14日,F
國立故宮博物院/院長,周筑昆,2012年7月30日,2012年9月18日,,M
國立故宮博物院/院長,馮明珠,2012年9月18日,2016年5月19日,1950年7月27日,F
國立故宮博物院/院長,林正儀,2016年5月20日,,,F
行政院原子能委員會/主任委員,張其昀,1955年6月2日,1958年7月,1901年9月29日,M
行政院原子能委員會/主任委員,梅貽琦,1958年7月,1962年5月19日,1889年12月29日,M
行政院原子能委員會/主任委員,李熙謀,1962年5月20日,1963年2月27日,1896年,M
行政院原子能委員會/主任委員,黃季陸,1963年2月28日,1966年4月19日,1899年9月3日,M
行政院原子能委員會/主任委員,閻振興,1966年4月20日,1971年12月5日,1912年7月10日,M
行政院原子能委員會/主任委員,錢思亮,1971年12月6日,1981年7月9日,1908年1月9日,M
行政院原子能委員會/主任委員,閻振興,1981年7月10日,1990年6月1日,1912年7月10日,M
行政院原子能委員會/主任委員,許翼雲,1990年6月2日,1996年6月9日,,M
行政院原子能委員會/主任委員,胡錦標,1996年6月10日,2000年5月19日,,M
行政院原子能委員會/主任委員,夏德鈺,2000年5月20日,2001年3月6日,,M
行政院原子能委員會/主任委員,胡錦標,2001年3月7日,2002年1月31日,,M
行政院原子能委員會/主任委員,歐陽敏盛,2002年2月1日,2007年5月20日,1949年1月25日,M
行政院原子能委員會/主任委員,蘇獻章,2007年5月21日,2008年5月19日,,M
行政院原子能委員會/主任委員,蔡春鴻,2008年5月20日,2016年1月31日,1950年3月11日,M
行政院原子能委員會/主任委員,周源卿,2016年2月1日,2016年5月19日,,M
行政院原子能委員會/主任委員,謝曉星,2016年5月20日,,,M
中央選舉委員會/主任委員,賴浩敏,2009年11月04日,2010年10月12日,1939年1月2日,M
中央選舉委員會/主任委員,劉義周,2010年10月13日,2010年11月14日,,M
中央選舉委員會/主任委員,張博雅,2010年11月15日,2013年11月03日,1942年10月5日,F
中央選舉委員會/主任委員,林慈玲,2013年11月04日,2013年12月03日,,F
中央選舉委員會/主任委員,張博雅,2013年12月04日,2014年07月31日,1942年10月5日,F
中央選舉委員會/主任委員,劉義周,2014年08月01日,2015年01月28日,,M
中央選舉委員會/主任委員,劉義周,2015年01月29日,1996年6月9日,,M
公平交易委員會/主任委員,王志剛,1992年01月27日,1995年01月26日,1942年9月7日,M
公平交易委員會/主任委員,王志剛,1995年01月27日,1996年06月09日,1942年9月7日,M
公平交易委員會/主任委員,趙揚清,1996年06月10日,1998年01月26日,,F
公平交易委員會/主任委員,趙揚清,1998年01月27日,2001年01月26日,,F
公平交易委員會/主任委員,黃宗樂,2001年01月27日,2004年01月26日,1942年5月5日,M
公平交易委員會/主任委員,黃宗樂,2004年01月27日,2007年01月26日,1942年5月5日,M
公平交易委員會/主任委員,余朝權,2007年01月27日,2007年01月31日,,M
公平交易委員會/主任委員,湯金全,2007年02月01日,2009年07月31日,1946年12月15日,M
公平交易委員會/主任委員,吳秀明,2009年08月01日,2010年01月31日,1960年6月2日,M
公平交易委員會/主任委員,吳秀明,2010年02月01日,2013年01月31日,1960年6月2日,M
公平交易委員會/主任委員,吳秀明,2013年02月01日,,1960年6月2日,M
國家通訊傳播委員會/主任委員,蘇永欽,2006年2月22日,2008年8月1日,1951年3月28日,M
國家通訊傳播委員會/主任委員,彭芸,2008年8月1日,2010年7月31日,1953年12月31日,F
國家通訊傳播委員會/主任委員,蘇蘅,2010年8月1日,2012年7月31日,,F
國家通訊傳播委員會/主任委員,石世豪,2012年8月1日,2016年7月31日,,M
行政院/院長,翁文灝,1948年5月25日,1948年12月23日,1889年7月26日,M
行政院/院長,孫科,1948年12月23日,1949年3月24日,1891年10月20日,M
行政院/院長,何應欽,1949年3月24日,1949年6月13日,1890年4月2日,M
行政院/院長,閻錫山,1949年6月13日,1950年3月15日,1883年10月8日,M
行政院/院長,陳誠,1950年3月15日,1954年6月1日,1898年1月4日,M
行政院/院長,俞鴻鈞,1954年6月1日,1958年7月15日,1898年1月4日,M
行政院/院長,陳誠,1958年7月15日,1963年12月16日,1898年1月4日,M
行政院/院長,王雲五,1963年7月1日,1963年9月16日,1888年7月9日,M
行政院/院長,嚴家淦,1963年12月16日,1972年6月1日,1905年10月23日,M
行政院/院長,蔣經國,1972年6月1日,1975年4月5日,1910年4月27日,M
行政院/院長,蔣經國,1975年4月5日,1978年5月19日,1910年4月27日,M
行政院/院長,徐慶鐘,1978年5月19日,1978年6月1日,1907年7月19日,M
行政院/院長,孫運璿,1978年6月1日,1984年6月1日,1913年11月10日,M
行政院/院長,俞國華,1984年6月1日,1988年1月13日,1914年1月10日,M
行政院/院長,俞國華,1988年1月13日,1989年6月1日,1914年1月10日,M
行政院/院長,李煥,1989年6月1日,1990年6月1日,1917年9月24日,M
行政院/院長,郝柏村,1990年6月1日,1993年2月27日,1919年8月24日,M
行政院/院長,連戰,1993年2月27日,1997年9月1日,1936年8月27日,M
行政院/院長,蕭萬長,1997年9月1日,2000年5月20日,1939年1月3日,M
行政院/院長,唐飛,2000年5月20日,2000年10月6日,1932年3月15日,M
行政院/院長,張俊雄,2000年10月6日,2002年2月1日,1938年3月23日,M
行政院/院長,游錫堃,2002年2月1日,2005年2月1日,1948年4月25日,M
行政院/院長,謝長廷,2005年2月1日,2006年1月25日,1946年5月18日,M
行政院/院長,蘇貞昌,2006年1月25日,2007年5月21日,1947年7月28日,M
行政院/院長,張俊雄,2007年5月21日,2008年5月20日,1938年3月23日,M
行政院/院長,劉兆玄,2008年5月20日,2009年9月10日,1943年5月10日,M
行政院/院長,吳敦義,2009年9月10日,2012年2月6日,1948年1月30日,M
行政院/院長,陳冲,2012年2月6日,2013年2月18日,1949年10月13日,M
行政院/院長,江宜樺,2013年2月18日,2014年12月8日,1960年11月18日,M
行政院/院長,毛治國,2014年12月8日,2016年2月1日,1948年10月4日,M
行政院/院長,張善政,2016年2月1日,2016年5月19日,1954年6月24日,M
行政院/院長,林全,2016年5月20日,,1951年12月13日,M
行政院/副院長,顧孟餘,1948年5月31日,1948年6月22日,1888年,M
行政院/副院長,張厲生,1948年6月22日,1948年12月23日,1901年6月17日,M
行政院/副院長,吳鐵城,1948年12月23日,1949年3月21日,1888年3月9日,M
行政院/副院長,賈景德,1949年3月21日,1949年6月12日,1880年,M
行政院/副院長,朱家驊,1949年6月12日,1950年3月12日,1893年5月30日,M
行政院/副院長,張厲生,1950年3月12日,1954年6月1日,1901年6月17日,M
行政院/副院長,黃少谷,1954年6月1日,1958年7月15日,1901年7月24日,M
行政院/副院長,王雲五,1958年7月15日,1963年12月16日,1888年7月9日,M
行政院/副院長,余井塘,1963年12月16日,1966年6月1日,1896年,M
行政院/副院長,黃少谷,1966年6月1日,1969年7月1日,1901年7月24日,M
行政院/副院長,蔣經國,1969年7月1日,1972年6月1日,1910年4月27日,M
行政院/副院長,徐慶鐘,1972年6月1日,1978年6月1日,1907年7月19日,M
行政院/副院長,徐慶鐘,1978年6月1日,1981年12月1日,1907年7月19日,M
行政院/副院長,邱創煥,1981年12月1日,1984年6月1日,1925年7月25日,M
行政院/副院長,林洋港,1984年6月1日,1987年5月1日,1927年6月10日,M
行政院/副院長,連戰,1987年5月1日,1988年7月22日,1936年8月27日,M
行政院/副院長,施啟揚,1988年7月22日,1989年6月1日,1935年5月5日,M
行政院/副院長,施啟揚,1989年6月1日,1990年6月1日,1935年5月5日,M
行政院/副院長,施啟揚,1990年6月1日,1993年2月27日,1935年5月5日,M
行政院/副院長,徐立德,1993年2月27日,1996年2月28日,1931年8月6日,M
行政院/副院長,徐立德,1996年2月28日,1997年9月1日,1931年8月6日,M
行政院/副院長,章孝嚴,1997年9月1日,1997年12月11日,1942年3月1日,M
行政院/副院長,劉兆玄,1997年12月11日,1999年1月27日,1943年5月10日,M
行政院/副院長,劉兆玄,1999年1月27日,2000年5月20日,1943年5月10日,M
行政院/副院長,游錫堃,2000年5月20日,2000年7月27日,1948年4月25日,M
行政院/副院長,張俊雄,2000年7月27日,2000年10月6日,1938年3月23日,M
行政院/副院長,賴英照,2000年10月6日,2002年2月1日,1946年8月24日,M
行政院/副院長,林信義,2002年2月1日,2004年5月20日,1946年12月2日,M
行政院/副院長,葉菊蘭,2004年5月20日,2005年2月1日,1949年2月13日,F
行政院/副院長,吳榮義,2005年2月1日,2006年1月25日,1939年12月15日,M
行政院/副院長,蔡英文,2006年1月25日,2007年5月21日,1956年8月31日,F
行政院/副院長,邱義仁,2007年5月21日,2008年5月6日,1950年5月9日,M
行政院/副院長,張俊雄,2008年5月6日,2008年5月20日,1938年3月23日,M
行政院/副院長,邱正雄,2008年5月20日,2009年9月10日,1942年2月19日,M
行政院/副院長,朱立倫,2009年9月10日,2010年5月17日,1961年6月7日,M
行政院/副院長,陳冲,2010年5月17日,2012年2月6日,1949年10月13日,M
行政院/副院長,江宜樺,2012年2月6日,2013年2月18日,1960年11月18日,M
行政院/副院長,毛治國,2013年2月18日,2014年12月8日,1948年10月4日,M
行政院/副院長,張善政,2014年12月8日,2016年1月31日,1954年6月24日,M
行政院/副院長,杜紫軍,2016年2月1日,2016年5月19日,1959年10月23日,M
行政院/副院長,林錫耀,2016年5月20日,,1961年12月25日,M
